topic_id,term0,term1,term2,term3,term4,term5,term6,term7,term8,term9,term10,term11,term12,term13,term14,term15,term16,term17,term18
0,photographs,photography,images,pictures,photographer,photograph,chico,camera,photographers,photos,photo,image,picture,photographic,prints,time,photographed,collection,view
1,percent,black,white,minority,asian,diversity,race,action,american,racial,americans,hispanic,affirmative,minorities,ethnic,african,blacks,population,groups
2,homeless,anderson,shelter,thurber,homelessness,left,gardner,shorris,housing,gold,clemente,night,boys,poverty,poor,city,acosta,youth,beaumont
3,human,brain,scientists,genetic,humans,science,scientific,gene,cells,species,evolutionary,genes,evolution,neuroscience,animal,nature,behavior,genetics,consciousness
4,president,committee,members,board,office,member,director,staff,chairman,executive,department,decision,job,meeting,administration,letter,announced,vice,general
5,team,club,year,attend,member,district,soccer,track,society,national,gpa,golf,region,whitney,class,school,high,honor,top
6,orleans,detroit,op,ed,louisiana,capra,twins,toussaint,haley,katrina,nobile,hurricane,seuss,city,slade,conjoined,zuckerberg,geisel,chase
7,library,public,libraries,books,collection,research,reading,york,librarian,room,collections,book,branch,million,materials,congress,system,librarians,center
8,year,years,major,time,boston,number,early,addition,humanities,general,period,beginning,noted,national,charles,established,making,division,world
9,british,london,england,britain,cambridge,english,royal,queen,canada,sir,scotland,european,oxford,prince,lord,scottish,canadian,countries,australia
10,ellison,thoreau,dartmouth,emerson,ralph,man,walden,dell,pencil,invisible,delacorte,house,cape,callahan,sweden,henry,freedman,swedish,klein
11,years,died,born,wife,wrote,son,father,home,family,world,survived,daughter,lived,career,death,life,began,married,taught
12,museum,art,museums,collection,exhibition,director,american,smithsonian,history,getty,curator,institution,exhibitions,cultural,collections,modern,metropolitan,visitors,national
13,football,sports,team,baseball,game,basketball,league,coach,games,players,season,athletes,play,athletic,player,teams,field,win,sport
14,man,love,story,life,character,young,characters,woman,hero,women,world,men,narrative,middle,mystery,career,beautiful,strange,romance
15,questions,question,answer,knowledge,thinking,understand,facts,work,answers,reading,words,things,evidence,understanding,found,important,approach,material,meaning
16,lecture,lectures,series,jefferson,delbanco,humanities,washington,honor,deliver,hook,highest,neh,give,lecturer,free,bacon,holton,delivered,lecturing
17,people,don,things,ve,time,lot,ll,good,back,thing,talk,didn,feel,doesn,kind,put,real,making,find
18,house,senate,bill,senator,congress,committee,republican,representative,democrat,republicans,vote,members,appropriations,congressional,legislation,chairman,subcommittee,democrats,yates
19,columbus,sullivan,stevens,spanish,list,wait,florida,spain,site,european,discovery,world,nina,archeologists,deagan,settlement,fort,graph,voyage
20,grade,grades,eighth,class,sixth,seventh,middle,evaluations,graders,teacher,grading,learning,inflation,daughter,weiss,bean,fourth,percent,outward
21,room,house,rooms,floor,glass,space,windows,wall,light,hall,stone,white,walls,small,work,ceiling,dining,foot,great
22,school,high,schools,students,district,parents,teachers,year,middle,education,elementary,principal,student,grade,kids,public,teacher,humanities,class
23,commission,report,council,humanities,panel,members,committee,chairman,national,member,american,group,recommendations,panels,review,appointed,association,advisory,recommended
24,camp,ages,day,camps,sessions,summer,fee,contact,full,week,half,grades,activities,st,entering,session,learn,resident,vary
25,vcu,university,monroe,degree,investigation,holsworth,board,usc,wilder,trani,chief,dean,richmond,faculty,rosenthal,steingass,lacks,commonwealth,visitors
26,students,class,student,classes,courses,college,school,year,teaching,classroom,learning,semester,teach,time,taught,learn,professors,work,week
27,utah,lake,boulder,colorado,aspen,salt,city,alexander,denver,casey,berggruen,conference,chao,mountain,mcintyre,institute,cisneros,murdoch,news
28,pay,money,financial,income,cost,aid,costs,percent,year,low,loans,tuition,debt,poor,families,private,loan,student,rate
29,paper,made,store,box,plastic,feet,pounds,metal,fire,supplies,materials,equipment,size,free,pieces,display,hand,power,boxes
30,space,miller,moon,earth,nasa,armstrong,mars,apollo,program,astronaut,station,millennium,drone,astronauts,olin,lunar,mission,shuttle,rocket
31,indian,native,indians,american,tribes,people,culture,tribe,tribal,chief,colony,americans,cultural,land,life,west,reservation,indigenous,nation
32,connecticut,hartford,haven,yale,west,uconn,wesleyan,library,middletown,trinity,neill,university,england,ends,hall,bridgeport,london,center,museum
33,ancient,greek,roman,egypt,egyptian,sites,rome,greece,city,classical,civilization,artifacts,found,archaeological,classics,century,archaeologists,world,site
34,court,law,rights,state,constitution,government,justice,civil,supreme,federal,laws,legal,states,public,judge,act,amendment,decision,constitutional
35,food,restaurant,dog,wine,fish,eat,daily,beer,restaurants,animals,favorite,breakfast,dogs,table,waters,chef,lunch,animal,culinary
36,physics,theory,einstein,nuclear,universe,world,light,quantum,atomic,weapons,physicist,physicists,string,bomb,watson,energy,space,scientists,system
37,israel,israeli,palestinian,jerusalem,peace,arab,jewish,east,palestinians,minister,palestine,hebrew,middle,west,prime,state,israelis,tel,jews
38,back,white,black,blue,light,humanities,times,night,eyes,face,half,head,make,end,side,hand,dark,air,turn
39,pg,drama,story,comedy,library,release,documentary,man,wednesday,friday,saturday,haven,sunday,woman,free,st,art,center,action
40,good,people,life,work,great,mind,person,sense,words,experience,hard,time,lives,intellectual,feel,times,personal,find,read
41,million,money,fund,year,gift,raising,campaign,support,foundation,raise,donors,raised,largest,funds,president,announced,capital,make,financial
42,heart,berger,baker,moss,grossman,hunt,baltzell,ring,kustra,abbey,bow,jamison,ipod,woodstock,tie,judt,chisholm,logo,barbera
43,york,city,brooklyn,manhattan,queens,bronx,island,street,center,park,cuny,public,long,staten,east,avenue,fordham,urban,hall
44,political,conservative,liberal,conservatives,left,politics,liberals,wing,ideological,social,anti,professors,views,debate,ideas,liberalism,politically,lilla,correctness
45,st,johnson,nancy,kelly,steve,special,american,louis,kevin,barbara,mike,anderson,karen,high,jason,brian,jeff,valley,laura
46,island,long,brook,stony,hofstra,hampton,east,nassau,state,midwood,southampton,huntington,university,library,county,village,adelphi,york,bay
47,award,awards,scholarship,year,honors,honor,winners,received,named,annual,receive,awarded,announced,honored,excellence,winner,outstanding,contest,high
48,tour,park,meeting,free,tours,sponsored,museum,students,sunday,exhibition,walking,central,brooklyn,streets,meets,corner,staten,walk,island
49,students,courses,arts,liberal,curriculum,college,humanities,major,study,history,core,studies,faculty,majors,literature,requirements,western,general,colleges
50,franklin,marshall,evans,mitchell,porter,ostebo,van,park,howard,kings,delaware,reynolds,penn,pyle,huber,myers,barton,del,margaret
51,president,board,association,years,member,served,national,service,council,director,foundation,committee,college,community,award,vice,society,received,club
52,clc,lake,county,college,gallery,community,information,visit,arts,clcillinois,campus,division,reception,grayslake,students,washington,fine,communication,members
53,charles,daniel,susan,scott,davis,henry,great,martin,arthur,alan,anne,hall,gordon,elizabeth,college,lawrence,donald,ray,leonard
54,funeral,richmond,va,church,home,wife,husband,survived,grandchildren,held,great,friends,retired,cemetery,interment,services,receive,mrs,baptist
55,street,sundays,saturdays,free,center,museum,avenue,road,art,fridays,gallery,tuesdays,noon,thursdays,mondays,wednesdays,theater,hours,children
56,university,degree,college,school,master,graduate,bachelor,dean,degrees,years,humanities,education,earned,state,received,arts,assistant,studies,program
57,art,arts,artists,artist,work,gallery,works,visual,studio,fine,contemporary,space,creative,media,sculpture,painting,design,live,created
58,king,martin,luther,vatican,civil,rights,rev,pope,cook,day,time,michelangelo,dream,center,titian,history,nuremberg,famous,made
59,illinois,chicago,elgin,district,community,county,dupage,visit,naperville,college,st,agenda,oakton,education,room,wheaton,information,home,cod
60,lawrence,jones,tony,la,sarah,won,actor,show,musical,hansen,play,actress,sacks,oscar,awards,nominated,weschler,evan,land
61,seattle,washington,uw,seattletimes,northwest,county,everett,portland,bellevue,humanities,pearl,lake,king,oregon,times,skyline,garfield,tacoma,district
62,father,graduated,york,university,mother,received,mrs,son,daughter,mr,married,bride,degree,humanities,college,master,retired,school,cum
63,budget,million,cuts,billion,programs,percent,spending,cut,federal,year,president,funding,proposed,reagan,fiscal,congress,administration,increase,program
64,philosophy,philosopher,philosophers,philosophical,ideas,truth,theory,nature,reason,plato,thinkers,socrates,knowledge,thinking,professor,idea,kant,university,nietzsche
65,engineering,technology,science,engineers,stem,institute,engineer,sciences,technical,school,fields,electrical,research,friedman,mathematics,computer,math,technological,humanities
66,theater,center,arts,museum,performing,street,exhibition,featuring,university,south,american,princeton,playhouse,avenue,morristown,puffin,morris,brunswick,mayo
67,humanities,human,moral,society,ethics,ethical,values,issues,questions,public,people,important,philosophy,understanding,nature,person,humanistic,humanism,views
68,letters,mail,letter,names,stewart,wrote,phone,send,card,cards,message,address,telephone,personal,postal,subject,correspondence,garcia,staff
69,german,germany,poland,polish,berlin,european,europe,east,communist,government,party,west,germans,wolf,war,hitler,communism,nazi,central
70,mrs,chicago,husband,curran,barr,miss,sulzberger,lieberman,baldwin,fritz,county,worked,simmons,member,ochs,barbara,widow,steel,hon
71,group,members,groups,organization,director,national,association,year,movement,institute,meeting,organizations,washington,executive,member,center,international,women,leaders
72,iran,islamic,muslim,saudi,government,islam,iraq,iranian,country,attacks,arabia,american,university,bin,syria,tehran,terrorist,muslims,laden
73,bennett,mr,reagan,administration,president,chairman,secretary,education,federal,white,endowment,house,neh,government,humanities,nomination,agency,force,conservative
74,books,book,press,publishing,published,university,publishers,publisher,copies,series,authors,author,american,print,titles,edition,sold,list,presses
75,jersey,newark,rutgers,state,princeton,county,tickets,university,orange,montclair,city,college,brunswick,hall,trenton,red,union,englewood,presents
76,st,free,ave,library,info,center,club,registration,nw,required,church,thursday,community,noon,ages,park,theatre,wednesday,learn
77,women,men,female,male,girls,woman,gender,boys,feminist,sex,studies,feminism,feminists,field,single,males,differences,man,experience
78,history,american,historical,society,century,historian,historians,past,war,people,world,america,early,project,culture,oral,neh,book,role
79,years,time,ago,great,long,past,back,half,century,change,period,began,recent,decade,deal,taking,thousands,country,days
80,dakota,north,state,roosevelt,scholar,theodore,bismarck,dickinson,clay,jenkinson,center,time,distinguished,aol,jeffysage,reached,great,jeffersonhour,website
81,education,public,system,problems,social,time,quality,change,policy,issues,report,make,problem,basic,important,higher,goals,programs,areas
82,johnson,greenberg,shaw,city,works,public,recent,met,pieces,child,chelsea,henry,abstract,brooklyn,turner,early,international,make,action
83,trump,president,white,house,donald,obama,administration,campaign,charlottesville,news,election,twitter,report,post,friday,bannon,immigration,week,spencer
84,students,education,colleges,universities,university,college,higher,schools,institutions,graduate,programs,student,president,sciences,research,undergraduate,liberal,public,academic
85,maine,call,st,bangor,library,club,main,public,camden,brewer,saturday,church,month,portland,hill,fort,door,tickets,clubhouse
86,human,world,life,god,man,mind,thought,sense,experience,modern,spiritual,humanities,death,earth,religious,moral,meaning,religion,beauty
87,lincoln,slavery,brown,slaves,slave,african,jefferson,abraham,house,union,people,emancipation,civil,plantation,enslaved,cemeteries,cemetery,freedom,monticello
88,center,building,design,buildings,construction,architecture,project,million,space,built,square,architect,designed,site,plan,architects,architectural,foot,plans
89,virginia,richmond,county,va,timesdispatch,foundation,commonwealth,chesterfield,henrico,state,charlottesville,dispatch,hill,vcu,ayers,library,hanover,university,mail
90,latin,puerto,la,el,spanish,rico,rican,mexico,del,mexican,latino,hispanic,gonzalez,spain,los,ramirez,juan,carlos,salvador
91,century,great,work,modern,made,time,early,style,high,age,long,figure,called,full,place,figures,image,scene,words
92,dance,ballet,company,theater,festival,arts,dancers,graham,american,modern,music,york,performing,choreographer,dancer,performance,center,performances,choreographers
93,computer,technology,computers,software,digital,electronic,tech,machines,line,system,computing,systems,apple,science,machine,time,programming,technological,code
94,st,baltimore,maryland,annapolis,runs,free,road,county,college,theatre,center,hall,peabody,arts,charles,ave,pratt,howard,calvert
95,church,st,school,dr,ann,charles,united,road,west,methodist,park,city,services,war,elizabeth,jones,edward,county,memorial
96,party,political,republican,campaign,election,democratic,politics,vote,candidate,voters,romney,democrats,republicans,candidates,presidential,elected,conservative,governor,race
97,health,federal,department,government,administration,agency,care,security,public,national,agencies,office,services,state,medicare,policy,housing,defense,corporation
98,years,began,wanted,time,made,found,thought,told,didn,work,knew,day,decided,left,long,worked,gave,wasn,asked
99,johnson,kennedy,thompson,goodwin,intelligence,lyndon,sherry,agent,halper,agents,vietnam,secret,rights,fbi,aeur,chapman,jenkins,dallas,assassination
100,giving,percent,billion,organizations,year,contributions,corporate,foundations,private,corporations,nonprofit,charitable,fund,donations,groups,increase,philanthropy,individuals,association
101,america,world,people,country,americans,nation,national,century,today,state,nations,citizens,great,make,past,live,global,immigrants,countries
102,commencement,degrees,honorary,graduates,speaker,graduation,doctor,ceremony,ceremonies,president,speech,letters,address,martinez,conferred,yesterday,awarded,disorders,valedictorian
103,brooks,died,services,wednesday,barnes,correction,hayes,hamilton,martin,thursday,cummings,article,city,misstated,donaldson,humanities,wilcox,andrews,lester
104,state,public,governor,director,council,office,department,general,gov,legislature,officials,county,executive,assistant,legislators,albany,assembly,staff,arizona
105,panel,saturday,sunday,stage,fiction,hall,poetry,nonfiction,center,reading,times,annenberg,mudd,seeley,noon,science,auditorium,young,adult
106,adams,adler,great,fryer,hutchins,chicago,rochester,krens,brady,dodge,roland,cacho,cohn,mooney,mortimer,noble,kirk,ann,von
107,opera,met,gelb,metropolitan,production,bernstein,music,season,operas,wagner,company,soprano,productions,verdi,performance,director,orchestra,york,la
108,north,south,carolina,university,southern,georgia,atlanta,national,center,duke,florida,texas,ohio,hill,mississippi,alabama,kansas,college,tennessee
109,writing,times,write,article,common,reading,core,read,students,lesson,standards,task,student,week,day,blog,ri,find,post
110,lee,statue,davis,monument,confederate,monuments,walker,flag,liberty,statues,memorial,barry,weitzman,south,symbols,cambodia,khmer,ezekiel,memorials
111,mother,father,life,house,love,home,living,husband,live,years,daughter,child,married,robinson,room,dream,long,couple,person
112,police,man,officers,violence,killed,year,crime,fire,gun,shot,death,shooting,law,officer,humanities,department,killing,arrested,men
113,american,america,national,roosevelt,schlesinger,jefferson,war,political,government,franklin,history,country,kennedy,founding,revolution,americans,kristol,historian,nation
114,idaho,mormon,campbell,utah,weber,gibson,colby,puppets,young,byu,carey,hogan,brigham,keller,iannone,foote,lds,kelsey,thayer
115,tax,taxes,economic,economy,government,inflation,spending,interest,rates,policy,growth,rate,crisis,debt,fed,greenspan,income,deficit,fiscal
116,sokal,ross,buck,social,academic,ignorance,franca,lingua,text,nichols,kittay,hoax,tierney,knowledge,intellectual,science,higher,sunstein,expertise
117,chicken,food,bread,eat,make,dinner,cream,chocolate,sugar,eggs,beef,butter,cheese,eating,ice,good,soup,egg,sauce
118,critics,called,debate,government,charge,attack,issue,criticism,controversy,hackney,review,pressure,conflict,dispute,control,question,today,failed,charges
119,city,street,building,place,house,people,home,area,main,open,buildings,town,built,houses,south,square,office,historic,village
120,children,family,parents,child,kids,young,home,families,school,mother,age,adults,adult,year,girls,girl,boy,life,parent
121,oil,energy,environmental,climate,water,land,gas,national,development,north,park,carbon,change,global,acres,coal,natural,boom,western
122,sex,sexual,gay,marriage,woman,sexuality,love,male,lesbian,homosexuality,gender,violence,assault,harassment,rape,sexually,pornography,abuse,transgender
123,students,test,college,math,tests,high,school,scores,score,sat,testing,exams,science,rate,average,exam,admissions,grades,percent
124,research,data,information,researchers,university,study,work,experts,national,scientists,institute,results,analysis,working,team,found,small,findings,made
125,small,country,early,young,made,long,american,recent,decade,times,decades,large,top,success,years,group,helped,reputation,popular
126,ms,mr,woman,york,added,husband,interview,manhattan,nytimes,couple,write,love,appeared,assistant,executive,chairwoman,spivak,richardson,recalled
127,program,programs,center,director,education,school,summer,year,humanities,offers,study,institute,department,offered,area,offer,arts,training,services
128,fairfield,theater,greenwich,arts,hartford,yale,center,ridgefield,connecticut,haven,stamford,westport,playhouse,university,art,bridgeport,seniors,main,american
129,arts,nea,cultural,endowment,support,art,artists,federal,humanities,government,organizations,funding,endowments,culture,public,national,agency,groups,grants
130,medical,medicine,doctors,dr,hospital,patients,patient,doctor,health,care,physicians,physician,hospitals,aaron,clinical,practice,university,surgery,training
131,study,survey,percent,found,studies,social,psychology,people,researchers,findings,time,psychologist,cognitive,psychologists,studying,reported,psychological,intelligence,published
132,game,games,link,berg,players,playing,play,video,classic,player,interstitial,olah,played,chess,gaming,nintendo,ways,industry,win
133,book,books,author,pages,read,writes,written,writing,wrote,write,reader,essays,readers,review,life,writer,page,volume,essay
134,dr,university,professor,research,president,director,york,interview,institute,added,national,harvard,development,noted,foundation,doctorate,head,columbia,philadelphia
135,fashion,hair,wear,dress,red,clothes,closet,gray,wearing,beauty,clothing,white,hats,shoes,black,designer,wore,shirts,model
136,church,religious,religion,catholic,christian,st,faith,god,christ,roman,jesus,churches,rev,bible,theology,prayer,seminary,secular,spiritual
137,art,show,exhibition,museum,paintings,works,painting,artists,gallery,artist,work,drawings,century,american,york,collection,life,view,painter
138,drug,drugs,tobacco,alcohol,drinking,abuse,food,addiction,cancer,water,marijuana,smoking,disease,times,prescription,cigarette,chemicals,heroin,treatment
139,yale,harvard,graduate,union,university,princeton,strike,summers,labor,levin,teaching,haven,workers,giamatti,president,assistants,faculty,ivy,unions
140,man,le,genius,student,wrote,belgian,young,brussels,anti,articles,belgium,war,essay,semitic,letter,reputation,secret,produced,made
141,company,business,companies,executive,corporate,chief,management,firm,financial,industry,million,packard,investment,executives,corporation,marketing,bank,hewlett,employees
142,chinese,china,international,foreign,american,india,asian,countries,asia,government,abroad,university,global,world,hong,kong,country,study,japan
143,experience,culture,ways,time,make,important,ideas,life,issues,create,role,conversation,today,long,focus,process,personal,change,understanding
144,jewish,jews,wiesel,holocaust,anti,rabbi,yiddish,israel,hebrew,arendt,jew,nazi,semitism,synagogue,scholem,judaism,world,camp,ha
145,freud,psychoanalysis,sinatra,psychology,therapy,jung,hillman,gombrich,psychological,erikson,psychoanalytic,phillips,sigmund,psychotherapy,hysteria,personality,engel,benedict,psychoanalyst
146,roth,art,modernism,critic,paglia,updike,philip,called,high,macdonald,post,critics,jean,reviews,style,intellectuals,avant,camille,garde
147,festival,events,exhibit,year,event,anniversary,day,national,celebration,humanities,center,local,museum,area,free,show,exhibits,display,council
148,studies,university,scholars,academic,study,history,field,professor,research,harvard,humanities,work,scholar,intellectual,scholarship,scholarly,culture,institute,literature
149,family,friends,memorial,wife,husband,brother,sister,life,service,son,born,daughter,children,home,loving,held,loved,law,brothers
150,wilson,obama,national,sports,deford,woodrow,president,hyde,barack,bernard,npr,writer,michelle,white,radio,humanities,west,wrote,medal
151,law,legal,school,lawyers,lawyer,court,judge,justice,firm,schools,dean,practice,counsel,bar,attorney,stanford,judges,supreme,levi
152,sherman,mccormick,taborn,tyson,recording,recordings,sound,leonard,piano,piece,tapes,recorded,composer,record,musical,cage,notes,played,heard
153,life,house,simon,knopf,random,author,schuster,straus,farrar,giroux,books,world,biography,stories,family,memoir,year,brown,harpercollins
154,life,time,years,lives,story,people,family,young,stories,friends,living,lost,history,voice,read,day,age,live,past
155,war,world,american,civil,military,vietnam,army,soldiers,history,battle,veterans,union,end,men,home,troops,president,fought,served
156,make,simply,view,matter,problem,humanities,clear,question,point,process,made,effect,find,recently,reason,wrong,real,put,hand
157,soviet,russian,russia,union,moscow,putin,state,russians,minister,country,communist,foreign,gorbachev,government,revolution,exchange,andropov,vladimir,stalin
158,city,mayor,cities,public,council,district,washington,town,residents,business,development,bloomberg,urban,cooper,redmond,downtown,capital,plan,parks
159,dylan,melville,dick,moby,carson,speech,text,bob,words,ricks,plagiarism,gallagher,achilles,hector,lines,passage,herman,oedipus,versions
160,lewis,clark,wolfe,abrams,isaacson,tom,ambrose,kissinger,craven,goodman,famous,ken,spears,land,polaroid,meriwether,dobell,blob,neiman
161,gay,aids,rice,cole,disney,humor,lesbian,costa,syndrome,institute,stonewall,gifted,davidson,terman,aires,buenos,martin,cartoons,hiv
162,center,president,institute,foundation,board,university,director,humanities,chairman,arts,chair,american,leadership,support,trustee,founder,education,great,served
163,skills,work,learning,career,learn,world,thinking,humanities,life,job,experience,knowledge,working,business,ability,careers,critical,training,development
164,reading,read,twain,book,finn,books,coles,dickens,steinbeck,great,literature,plot,huckleberry,works,denby,huck,jim,adventures,century
165,officials,week,told,month,asked,made,people,statement,yesterday,news,called,reported,official,day,added,months,today,spokesman,announced
166,shakespeare,leonardo,plays,hamlet,folger,play,english,juliet,romeo,garber,da,greenblatt,shakespearean,king,renaissance,lear,language,vinci,elizabethan
167,grant,grants,endowment,neh,million,humanities,foundation,year,federal,funds,projects,received,money,project,public,agency,funding,awarded,program
168,year,years,time,work,ago,week,working,summer,job,long,months,back,spent,start,fall,month,ve,early,worked
169,san,california,francisco,diego,berkeley,calif,state,uc,cal,fullerton,jose,valley,pacific,bay,humanities,starr,beach,abstract,vista
170,age,people,older,elderly,teen,aging,life,young,generation,younger,agers,retirement,senior,cohen,baby,health,adults,youth,cole
171,island,sea,ship,boat,kosinski,islands,ships,coast,harbor,captain,maritime,sailing,ocean,boats,cook,whale,bird,south,bay
172,information,center,conference,call,humanities,discussion,public,event,talk,series,college,held,free,events,open,program,discuss,panel,session
173,taylor,allen,dallas,parker,fox,arnold,albany,billy,rose,tom,webb,gen,purple,beck,baxter,woody,genovese,daniels,cairo
174,academy,cohen,rome,brazil,american,york,authority,sennett,berlowitz,kircher,caldwell,arts,winners,rio,fellows,architecture,years,gorman,terrace
175,black,american,white,african,gates,blacks,race,civil,rights,racial,americans,movement,afro,racism,malcolm,du,america,history,social
176,river,summer,winter,water,year,weather,snow,day,days,spring,miles,morning,long,storm,wind,lake,back,rain,earth
177,online,web,site,digital,internet,information,media,google,world,sites,video,search,technology,access,humanities,post,virtual,project,map
178,dayton,center,presents,greene,st,theatre,annual,local,visit,performs,concert,friday,event,cost,wright,stage,kettering,saturday,show
179,prize,award,won,pulitzer,national,winning,nobel,humanities,medal,awards,winner,work,year,author,prizes,book,arts,winners,awarded
180,mn,church,age,survived,grandchildren,preceded,visitation,great,passed,service,funeral,st,death,pm,parents,chapel,prior,minneapolis,cemetery
181,westchester,purchase,hudson,college,arts,white,plains,rochelle,yonkers,center,library,tarrytown,county,rye,theater,scarsdale,katonah,river,croton
182,saturday,sunday,friday,information,admission,free,tickets,children,tuesday,street,thursday,monday,wednesday,open,members,center,today,noon,day
183,college,university,students,campus,faculty,student,school,academic,year,president,members,dean,alumni,state,community,colleges,arts,campuses,fall
184,military,army,academy,west,point,corps,veterans,air,pentagon,force,navy,naval,general,training,officer,service,cadets,officers,marine
185,community,people,project,local,work,communities,support,make,working,members,group,place,projects,lives,director,serve,years,nonprofit,bring
186,sculpture,objects,carved,exhibition,animal,elephant,animals,sculptures,bronze,circus,ivory,human,long,small,di,klee,material,installation,group
187,prison,trial,justice,court,charges,criminal,guilty,investigation,judge,jury,convicted,accused,attorney,people,federal,crime,found,prisoners,inmates
188,president,white,house,bush,cheney,clinton,reagan,secretary,washington,national,vice,administration,presidential,policy,chairman,carter,chief,political,lynne
189,county,town,state,road,river,farm,valley,small,towns,rural,miles,local,railroad,bridge,highway,country,farmers,city,water
190,culture,political,cultural,social,society,american,intellectual,politics,western,values,class,generation,york,world,ideas,people,intellectuals,tradition,popular
191,film,films,movie,documentary,movies,director,festival,made,hollywood,screen,cinema,series,filmmaker,directed,story,filmmakers,american,feature,academy
192,trip,travel,day,hotel,tour,bus,world,home,airport,york,car,trips,train,days,summer,ride,visit,beach,time
193,faculty,professors,academic,universities,university,teaching,tenure,members,ph,department,research,professor,departments,time,sciences,higher,full,tenured,positions
194,street,museum,avenue,west,photography,american,rosenberg,closes,made,indian,presents,world,contemporary,small,artist,galleries,young,library,east
195,oklahoma,tulsa,city,foundation,moore,state,roberts,arts,norman,hall,center,services,council,uco,mcalester,family,oklahomans,shepley,okla
196,science,scientific,scientists,physics,mathematics,chemistry,research,scientist,sciences,biology,lab,math,technology,laboratory,newton,field,basic,physical,professor
197,college,applications,school,admissions,high,accepted,percent,application,applicants,received,enrollment,financial,apply,aid,senior,average,enrolled,undergraduate,full
198,foundation,rockefeller,bard,fellows,mellon,carnegie,macarthur,botstein,fellowships,president,york,fellowship,guggenheim,program,ford,bowen,american,princeton,andrew
199,park,neighborhood,area,residents,bedroom,avenue,houses,housing,west,street,apartment,streets,district,st,homes,boulevard,east,parks,live
200,teachers,education,schools,teaching,teacher,school,students,teach,standards,curriculum,classroom,educators,learning,children,taught,educational,state,high,elementary
201,garden,gardens,house,nature,tour,park,trees,birds,plants,island,plant,animals,bird,open,forest,wild,tree,wildlife,landscape
202,dakota,north,bismarck,state,mandan,bsc,public,dickinson,fargo,humanities,jenkinson,minot,place,center,williston,visit,dsu,sevareid,conversations
203,television,public,series,radio,pbs,show,stations,broadcasting,tv,station,broadcast,burns,channel,documentary,programming,program,news,producer,cable
204,kennedy,president,center,arts,white,columbia,house,year,singer,honors,lady,butler,washington,committee,honorees,attend,humanities,sovern,reception
205,power,world,today,kind,end,sense,long,longer,future,term,time,rise,open,idea,called,real,good,makes,free
206,estate,price,real,market,family,prices,sale,house,sold,percent,home,property,bought,homes,town,sales,buy,people,years
207,rich,nea,government,dunne,barber,art,public,kenyon,didion,people,wealth,income,good,azulay,civility,quinn,artist,community,house
208,music,orchestra,concert,symphony,concerts,chamber,musical,hall,piano,works,ensemble,festival,director,composer,mozart,pianist,beethoven,bach,performance
209,people,make,good,big,don,lot,years,hard,money,things,great,kind,makes,isn,important,top,means,doesn,life
210,salk,vaccine,public,goldman,disease,success,houston,baumol,sector,virus,polio,hurricane,government,aids,live,pew,sachs,measles,health
211,century,show,made,furniture,objects,design,silver,style,arts,designs,gold,pieces,works,jewelry,glass,display,today,decorative,hand
212,professor,university,columbia,humanities,college,department,history,english,associate,school,york,studies,director,prof,emeritus,center,assistant,literature,american
213,mr,york,added,time,called,years,made,interview,office,ms,received,telephone,major,special,today,interest,recalled,noted,suggested
214,literature,literary,bloom,english,criticism,critics,books,canon,theory,works,culture,professor,texts,reading,critic,derrida,great,shakespeare,critical
215,washington,arlington,md,alexandria,va,montgomery,center,post,massachusetts,philadelphia,maryland,georgetown,boston,pennsylvania,program,mount,area,bethesda,silver
216,education,management,science,business,bachelor,cl,elementary,administration,information,mcl,technology,communication,scl,justice,accounting,systems,criminal,ed,marketing
217,joyce,irish,sexton,ireland,beckett,mailer,brien,ulysses,schweitzer,kenner,harry,wake,gilbert,mcluhan,dublin,hugh,pound,patrick,sargent
218,speech,freedom,free,political,public,rights,protest,american,president,support,policy,violence,protests,issues,speak,letter,fear,views,protesters
219,university,stanford,chicago,harvard,california,michigan,berkeley,hopkins,princeton,cornell,wisconsin,johns,institute,columbia,illinois,yale,state,washington,pennsylvania
220,week,potter,book,list,harry,reilly,bill,weeks,tom,sales,fisher,cosby,warner,celebrity,comedian,stewart,show,night,star
221,project,papers,scholars,years,archives,volumes,published,volume,documents,work,edition,letters,library,university,written,material,historical,records,encyclopedia
222,music,jazz,band,songs,rock,musical,song,concert,musicians,folk,singer,blues,group,show,perform,play,singing,guitar,dance
223,street,west,avenue,east,tomorrow,manhattan,village,broadway,lower,side,sunday,tonight,york,park,theater,brooklyn,greenwich,chelsea,madison
224,italian,italy,spain,dasani,spanish,european,florence,europe,renaissance,rome,chanel,koecher,madrid,garibaldi,quixote,auburn,donatello,medieval,southern
225,family,tisch,wright,rose,friend,passing,board,staff,condolences,extend,york,wife,entire,chairman,loss,frederick,friends,deeply,mourn
226,language,english,languages,dictionary,words,word,foreign,french,latin,spanish,translation,culture,world,webster,oxford,german,speech,linguistic,modern
227,board,state,chancellor,officials,regents,plan,education,city,system,meeting,proposal,union,approved,yesterday,vote,boards,mills,members,administrators
228,death,dead,day,body,killed,found,man,men,called,died,bones,blood,die,buried,grave,kill,abandoned,remains,lost
229,poetry,poet,poems,poets,poem,whitman,read,writing,work,laureate,baraka,english,milosz,walt,brodsky,verse,love,literature,published
230,writers,literary,writing,literature,book,writer,author,fiction,books,published,work,novels,english,stories,american,wrote,authors,story,write
231,africa,african,south,africans,mazrui,hindley,west,western,series,apartheid,nigeria,rushdie,anti,black,tutu,nigerian,continent,country,countries
232,miss,murray,wharton,edith,reid,harrington,ali,meyer,failure,brodie,lily,emojis,clown,gaines,resolutions,pacheco,publicity,ferris,sandburg
233,review,journals,journal,articles,article,kramer,published,publication,hockney,fat,scholarly,paper,academic,publishing,publications,peer,editor,publish,rankings
234,movie,movies,comic,star,date,comics,wars,release,hollywood,batman,tv,series,summer,disney,superhero,fans,schulz,rating,strip
235,editor,times,news,york,magazine,article,writer,page,newspaper,journalism,reporter,column,editorial,journal,newspapers,press,ed,paper,daily
236,christmas,holiday,yea,thanksgiving,nay,tree,santa,family,year,holidays,winter,eve,decorated,carols,carol,season,service,gift,choir
237,tickets,dinner,benefit,event,evening,party,guests,auction,live,reception,black,annual,tie,gala,center,house,raise,money,cocktails
238,french,japanese,france,paris,japan,revolution,jean,world,la,international,cocteau,government,country,le,tokyo,european,lang,revolutionary,jacques
239,los,angeles,santa,mexico,fe,california,san,mexican,texas,calif,antonio,julian,southern,la,county,monica,albuquerque,spanish,rodriguez
240,health,medical,disease,patients,care,treatment,mental,cancer,pain,people,brain,illness,patient,alzheimer,hospital,life,body,doctors,medicine
241,texas,austin,collection,center,university,horowitz,manuscripts,research,ransom,archive,manuscript,rare,silverman,kerouac,papers,harry,million,humanities,staley
242,economic,workers,jobs,work,business,industry,economy,government,system,american,labor,force,high,market,future,international,trade,growth,companies
243,jackson,director,chief,executive,pearl,assistant,senior,national,security,dumont,ward,sam,nisbet,minister,prime,daley,secretary,andrew,deputy
244,day,back,night,man,year,told,home,asked,room,days,morning,high,make,hard,made,young,big,didn,left
245,story,show,world,stories,characters,age,series,tales,love,tale,fairy,character,young,true,girl,calvino,storytelling,season,princess
246,theater,play,plays,broadway,stage,production,company,drama,theatre,show,director,musical,performance,directed,playwright,performances,actors,artistic,season
247,science,sciences,social,natural,economics,biology,psychology,design,human,humanities,evolution,theory,anthropology,biological,scientific,intelligent,sociology,physical,behavior
248,percent,job,jobs,college,graduates,major,year,number,majors,average,market,high,education,degrees,career,study,business,humanities,report
249,castro,vicente,cuba,pell,cuban,harriet,duras,rubin,esteban,stein,cowles,fitzgerald,macaulay,holography,cathedral,island,havana,fidel,newport
